{"initial_reset_timestamp": 1657485295.329533, "timestamps": [1657485299.0671382], "episode_lengths": [648], "episode_rewards": [129.0], "episode_types": ["t"]}